TC ID,Day,Module,Priority,Test Scenario,Pre-condition,Test Steps,Expected Result,Status,Actual Result,Tester,Remarks
TC-AS-01,1,Asset Core,High,Create an Asset (IT Scope),Logged in as Asset Administrator company selected,"1. Navigate to Assets → Asset List → click Add Asset;2. Fill all required fields: name category type brand model serial number purchase date value useful life;3. Select scope: IT Asset;4. Upload an image (JPG/PNG);5. Click Save",Asset is created with a unique code (e.g. AST-001). Appears in Asset List immediately.,,,,,,
TC-AS-02,1,Asset Core,Medium,Create an Asset (Admin Scope),Logged in as Asset Administrator,"1. Navigate to Assets → Add Asset;2. Fill required fields;3. Select scope: Admin Asset;4. Click Save",Asset is created. Visible only under Admin scope filter.,,,,,,
TC-AS-03,1,Asset Core,High,Edit an Existing Asset,At least one asset exists,"1. Go to Asset List;2. Click on an asset to open details;3. Click Edit;4. Change name category and value;5. Click Save",Changes are saved and reflected immediately in Asset List and detail view.,,,,,,
TC-AS-04,1,Asset Core,Medium,Delete an Asset,Asset exists with no active assignments,"1. Go to Asset List;2. Click delete/archive on an asset;3. Confirm deletion",Asset is removed from active list (or archived). Confirmation message shown.,,,,,,
TC-AS-05,1,Asset Core,High,Search Assets by Code / Name,Multiple assets exist,"1. Go to Asset List;2. Type partial asset code in search bar (e.g. AST-0);3. Clear and search by asset name",Results filter in real-time as you type. Matching assets displayed.,,,,,,
TC-AS-06,1,Asset Core,Medium,Filter by Category / Status / Company,Assets in multiple categories and statuses exist,"1. Go to Asset List;2. Apply category filter → select a category;3. Apply status filter → select Available;4. Apply company filter → switch company",List updates to show only matching assets. Filter badges/chips shown.,,,,,,
TC-AS-07,1,Asset Core,Medium,Pagination & Page Size,Enough assets to span multiple pages,"1. Go to Asset List;2. Navigate to page 2 then page 3;3. Change page size from 10 to 25 to 50",Data loads correctly per page. Page indicator shows correct totals.,,,,,,
TC-AS-08,1,Asset Core,Medium,Export Assets (Excel),Assets exist in list,"1. Go to Asset List;2. Click Export → Excel",.xlsx file downloads with current asset list data.,,,,,,
TC-AS-09,1,Asset Core,Medium,Export Assets (PDF),Assets exist in list,"1. Go to Asset List;2. Click Export → PDF",PDF file downloads with formatted asset list data.,,,,,,
TC-AS-10,1,Assignment,High,Assign Asset to User,"Asset is in Available status. Target user exists.","1. Go to Asset Assignment page;2. Select an available asset;3. Select target user;4. Set assignment date;5. Click Assign",Asset status changes to Assigned. User can see it in My Assets. Assignment history recorded.,,,,,,
TC-AS-11,1,Assignment,Medium,View Assignment History,Asset has prior assignment history,"1. Open any assigned assets details;2. Scroll to Assignment History section",Complete timeline of all past assignments with dates and users.,,,,,,
TC-AS-12,1,My Assets,High,My Assets Page,Logged in as a user with assigned assets,"1. Navigate to My Assets;2. Verify all assigned assets are listed;3. Click on an asset to view details",Only assets assigned to current user are shown. Correct statuses displayed.,,,,,,
TC-AS-13,1,Asset Core,Medium,Public Asset Detail (QR Link),Asset exists with known code,"1. Open a browser in incognito/private mode (not logged in);2. Navigate to /assets/details/AST-001 (or similar);3. Verify public asset info is displayed",Public asset detail page loads with basic info (no edit/delete actions).,,,,,,
TC-WF-01,2,Returns,High,Create Asset Return Request,User has an assigned asset,"1. Navigate to Asset Return;2. Select an assigned asset;3. Fill return reason and condition notes;4. Upload condition images (if applicable);5. Submit return request",Return request created with Pending status. Admin can see the request.,,,,,,
TC-WF-02,2,Returns,Medium,Process Batch Return,Multiple assets eligible for return,"1. Go to Asset Return page;2. Select multiple assets;3. Submit batch return;4. Admin processes the batch",All selected assets are returned in one operation. Statuses update for all.,,,,,,
TC-WF-03,2,Transfers,High,Initiate Asset Transfer,Asset is assigned to a user,"1. Go to Asset Transfer page;2. Select an assigned asset;3. Select receiving user/department;4. Add transfer notes;5. Submit transfer request",Transfer request created with Pending Approval status. Notification sent to approver.,,,,,,
TC-WF-04,2,Transfers,High,Approve & Complete Transfer,Pending transfer request exists,"1. Log in as approver;2. Go to Approvals or Transfer Requests;3. Review pending transfer;4. Click Approve;5. Capture wet signature (if required)",Transfer completed. Asset reassigned to new user. Transfer form finalized.,,,,,,
TC-WF-05,2,Transfers,Medium,Reject Transfer Request,Pending transfer request exists,"1. Log in as approver;2. Go to pending transfer request;3. Click Reject;4. Provide rejection reason",Transfer request rejected. Status updated. Initiator notified.,,,,,,
TC-WF-06,2,Borrow,High,Create Borrow Request,Asset is Available,"1. Go to Asset Borrowing page;2. Select an available asset;3. Set borrow start and end dates;4. Add purpose/notes;5. Submit",Borrow request created. Status: Pending Approval.,,,,,,
TC-WF-07,2,Borrow,High,Approve & Receive Borrow,Pending borrow request exists,"1. Admin approves borrow request;2. User goes to borrow requests;3. User clicks Receive to acknowledge receipt;4. Admin confirms borrower received",Asset marked as Borrowed. Borrow period tracked.,,,,,,
TC-WF-08,2,Borrow,Medium,Return Borrowed Asset,Asset is currently borrowed,"1. User initiates return of borrowed asset;2. Admin confirms receipt;3. Verify asset status",Asset status returns to Available. Borrow record closed.,,,,,,
TC-WF-09,2,Disposal,Medium,Asset Disposal,"Asset exists (retired or end-of-life)","1. Go to Asset Disposal page;2. Select asset for disposal;3. Fill disposal reason method date;4. Submit disposal",Asset status changes to Disposed. Disposal record created.,,,,,,
TC-FM-01,3,Accountability Form,High,Generate Accountability Form,User has assigned assets,"1. Go to Forms → Accountability Form;2. Select assigned assets to include;3. Click Generate Form;4. Review the generated form",Form is generated listing all selected assets with their details. Ready for signature.,,,,,,
TC-FM-02,3,Accountability Form,High,Sign Accountability Form (Employee),Unsigned accountability form exists,"1. Open the generated accountability form;2. Click Sign as Employee;3. Draw/capture digital signature;4. Confirm signature",Employee signature captured and saved. Form status updates.,,,,,,
TC-FM-03,3,Accountability Form,High,Sign Accountability Form (IT Head),Employee has signed the form,"1. Log in as IT Head;2. Open the pending accountability form;3. Click Sign as IT Head;4. Draw/capture digital signature;5. Confirm signature",IT Head signature captured. Form is finalized. PDF available for download.,,,,,,
TC-FM-04,3,Accountability Form,Medium,Print Accountability Form PDF,Fully signed accountability form,"1. Open a finalized (signed) accountability form;2. Click Print / Download PDF",PDF generates with all signatures asset list and form details visible.,,,,,,
TC-FM-05,3,Return Form,High,Create & Sign Asset Return Form,Asset has been returned,"1. Go to Forms → Return Form;2. Select returned asset;3. Generate form;4. Employee signs;5. Admin/IT Head signs",Return form created and signed by both parties. PDF downloadable.,,,,,,
TC-FM-06,3,Transfer Form,High,Create & Sign Asset Transfer Form,Asset transfer has been approved,"1. Go to Forms → Transfer Form;2. Select completed transfer;3. Generate transfer form;4. Sender signs;5. Receiver signs;6. Admin/IT Head signs",Transfer form with all three signatures. PDF available.,,,,,,
TC-FM-07,3,Checklist Form,High,Create & Sign Asset Checklist Form,"Asset exists with checklist items defined","1. Go to Forms → Checklist Form;2. Select asset;3. Fill checklist items;4. Employee signs;5. Dept Head signs;6. IT Manager signs (if applicable)",Checklist form completed with multi-party signatures. PDF generated.,,,,,,
TC-FM-08,3,Borrow Form,High,Create & Sign Borrow Form,Borrow request has been approved,"1. Go to Forms → Borrow Form;2. Select completed borrow;3. Generate form;4. Borrower signs;5. Admin/approver signs",Borrow form created with signatures. PDF downloadable.,,,,,,
TC-FM-09,3,Approvals,Medium,Centralized Approvals Dashboard,Multiple pending approvals exist,"1. Go to Approvals page;2. View all pending approvals grouped by type;3. Approve one reject another;4. Verify approval counts update",All pending approvals listed in one place. Approve/reject actions work. Counts refresh.,,,,,,
TC-AD-01,4,User Management,High,Create a New User,Logged in as Global Admin or Admin,"1. Go to Users page;2. Click Add User;3. Fill required fields: name email role company;4. Set initial password;5. Click Save",User created. Invitation/credentials sent. User appears in user list.,,,,,,
TC-AD-02,4,RBAC,High,Assign Role & Verify Permissions,User exists with no special permissions,"1. Edit a user;2. Assign a role (e.g. IT Asset User);3. Save;4. Log in as that user;5. Verify only permitted modules are accessible",Users access matches the roles permission set. Restricted pages show access denied.,,,,,,
TC-AD-03,4,RBAC,Medium,Override User Permissions,User has a base role,"1. Edit user permissions;2. Grant a specific permission not in their role;3. Save;4. Log in as the user;5. Verify the additional permission is active",Permission override works. User has both role-based and additional permissions.,,,,,,
TC-AD-04,4,User Management,Medium,Remove User Lockout,User is locked out due to failed login attempts,"1. Go to Users page;2. Find locked-out user;3. Click Remove Lockout;4. User tries logging in again",Lockout removed. User can log in successfully.,,,,,,
TC-AD-05,4,Settings,High,Change Asset ID Format Settings,Logged in as Admin,"1. Go to Settings → Asset ID Format;2. Change prefix (e.g. from AST- to CMP-);3. Save;4. Create a new asset",New asset uses updated ID format. Existing assets retain their old IDs.,,,,,,
TC-AD-06,4,Settings,Medium,Toggle MFA Globally,Logged in as Admin,"1. Go to Settings → MFA;2. Enable Require MFA for all users;3. Save;4. Log in as a different user",User is prompted to set up MFA (TOTP) on next login.,,,,,,
TC-AD-07,4,Settings,Medium,Configure Security Settings,Logged in as Admin,"1. Go to Settings → Security;2. Modify password policy;3. Set session timeout;4. Configure account lockout threshold;5. Save",Settings saved. Password policy enforced. Session times out after configured period.,,,,,,
TC-AD-08,4,Dashboard,High,View Dashboard with Charts,Sufficient asset data exists,"1. Go to Dashboard;2. Verify all chart widgets load;3. Hover over chart elements for tooltips;4. Check distribution charts",Dashboard loads with all charts. Data matches actual asset records.,,,,,,
TC-AD-09,4,Reports,Medium,Generate Maintenance/Repair Report,Assets with maintenance/repair history exist,"1. Go to Reports;2. Select Maintenance History report;3. Set date range and asset filter;4. Generate report;5. Export to PDF/Excel",Report displays with correct data. Export downloads successfully.,,,,,,
TC-AD-10,4,Reports,Medium,Generate Finance Report,Assets with depreciation values exist,"1. Go to Reports;2. Select Finance Report;3. Select depreciation period or date range;4. Generate report",Financial data calculated and displayed correctly.,,,,,,
TC-AD-11,4,Audit,Medium,View Audit Trail,Asset activity has occurred,"1. Go to Audit Trail;2. Browse all audit entries;3. Filter by action type user date;4. Click on an entry for details",All actions logged with timestamps and user info.,,,,,,
TC-AD-12,4,Audit,Medium,Verify Audit Hash Chain,Audit entries exist with hash chain,"1. Open Audit Trail;2. Click Verify Integrity;3. Verify hash chain validation",Hash chain validation passes. Tamper detection confirms data integrity.,,,,,,
TC-AD-13,4,Intangible Assets,Medium,Intangible Asset CRUD,Logged in as Asset Administrator,"1. Navigate to Intangible Assets section;2. Create a software license asset;3. Fill license key expiry date seats;4. Edit the asset;5. Delete the asset",Intangible asset created editable and deletable. Separate from physical assets.,,,,,,
TC-AD-14,4,Asset Builder,Medium,Asset Builder (Composite Assets),Multiple component assets exist,"1. Go to Asset Builder;2. Create a new composite asset;3. Add component assets (child assets);4. Save;5. View composite asset details",Composite asset created with linked component assets. Components listed in detail view.,,,,,,
TC-BQ-01,5,Asset Tagging,High,Generate QR Code Tag,Assets exist in the system,"1. Go to Asset Tagging page;2. Select one or more assets;3. Ensure QR toggle is selected;4. Generate tag preview;5. Print / download PDF",Tag preview shows company name logo and QR code. PDF prints with QR code at high resolution.,,,,,,
TC-BQ-02,5,Asset Tagging,High,Scan QR Code with Phone,Printed QR tag exists,"1. Open phone camera or QR scanner app;2. Scan the printed QR code",Phone opens the public asset detail page /assets/details/<code> showing asset info.,,,,,,
TC-BQ-03,5,Asset Tagging,High,Generate Barcode Tag (CODE128),Assets exist,"1. Go to Asset Tagging page;2. Select assets;3. Toggle to Barcode mode;4. Select format: CODE128;5. Generate tag preview;6. Print / download PDF",Tag preview shows company name and CODE128 barcode. Barcode encodes the asset code.,,,,,,
TC-BQ-04,5,Asset Tagging,Medium,Generate Barcode Tag (CODE39),Assets exist,"1. Go to Asset Tagging page;2. Select assets;3. Toggle to Barcode mode;4. Select format: CODE39;5. Generate tag preview",Tag preview shows CODE39 barcode encoding the asset code. Different visual width vs CODE128.,,,,,,
TC-BQ-05,5,Asset Tagging,High,Scan Barcode with Physical Scanner,"Printed barcode tag exists. USB barcode scanner connected.","1. Have the Asset List page open and focused;2. Scan the printed barcode with the physical scanner;3. Observe system response",AssetViewModal opens automatically showing the correct asset. Asset code matches.,,,,,,
TC-BQ-06,5,Scanner Integration,Medium,Scan Barcode on My Assets Page,"Barcode scanner connected. Logged in as user with assigned assets.","1. Go to My Assets page;2. Scan a barcode of an assigned asset",AssetViewModal opens with correct asset.,,,,,,
TC-BQ-07,5,Scanner Integration,Medium,Scan Barcode on Tagging Page,"Barcode scanner connected. On Asset Tagging page.","1. Go to Asset Tagging page;2. Scan a barcode",AssetViewModal opens with correct asset or asset is selected for tagging.,,,,,,
TC-GP-01,5,Gate Pass,High,Generate Gate Pass for Single Asset,"Asset exists and is eligible for movement (not disposed not under repair)","1. Go to Gate Pass page;2. Click New Gate Pass;3. Select a single asset;4. Fill purpose of movement destination expected return date;5. Add remarks / notes;6. Generate gate pass",Gate pass generated with unique reference number. Shows asset details QR/barcode movement info and date.,,,,,,
TC-GP-02,5,Gate Pass,Medium,Generate Gate Pass for Multiple Assets,"Multiple assets exist and are eligible for movement","1. Go to Gate Pass page;2. Click New Gate Pass;3. Select multiple assets;4. Fill purpose destination expected return date;5. Generate gate pass",Single gate pass covers all selected assets. All asset details listed in the document.,,,,,,
TC-GP-03,5,Gate Pass,Medium,View and Print Gate Pass Document,Gate pass has been generated,"1. Go to Gate Pass list;2. Locate the generated gate pass;3. Click View to see full details;4. Click Print / Download",Gate pass document opens with complete details. Print/PDF output includes asset list QR/barcode signatures and movement information.,,,,,,
TC-MT-01,2,Maintenance,High,Schedule Asset Maintenance,"Asset exists and is assigned or available","1. Go to Asset Maintenance page;2. Click Add Maintenance;3. Select asset;4. Set maintenance type (preventive / corrective);5. Set scheduled date assign technician/vendor;6. Add notes and estimated cost;7. Click Save",Maintenance record created with Scheduled status. Asset shows as under maintenance.,,,,,,
TC-MT-02,2,Maintenance,High,Complete Maintenance & Update Record,"Maintenance record exists with Scheduled or In Progress status","1. Open the pending maintenance record;2. Mark as In Progress;3. Add completion notes parts used final cost;4. Upload completion documents (if any);5. Mark as Completed",Maintenance record marked completed. Asset status restored to previous state.,,,,,,
TC-MT-03,2,Maintenance,Medium,View Maintenance History,Asset has past maintenance records,"1. Open an assets detail view;2. Scroll to Maintenance History section;3. Review past maintenance entries",Complete history of all maintenance activities shown with dates type technician and cost.,,,,,,

